{
    "rmse": 0.7079479378166228,
    "mae": 0.5394560932791446,
    "r2": 0.2747933979759677
}